Ratio Red,Ratio Green,RoR,SpO2_value
0.0566348655680832,0.059660047122181,1.05341553341309,99.13789998052236
0.0219979296066252,0.0230279685144866,1.0468243569409008,99.05822689424063
0.0076955964087216,0.008884091663899,1.1544383556588806,100.35904768718332
0.0059397539244802,0.005851809115635,0.9851938632537,98.31324735047576
0.0058997050147492,0.0058153820951756,0.9857072651322796,98.31945327021434
0.00443960462389,0.0042355624338193,0.9540404591497216,97.93666998775174
0.0044151949350216,0.0042149631190727,0.954649382666958,97.94403055777023
0.0041449059106358,0.0037132709073296,0.8958637391023572,97.23343910697068
0.0041271151465125,0.0037001287001287,0.8965411840411842,97.24162795296654
0.0037003535893429,0.0036083714216983,0.975142330206078,98.19174602773832
0.0036065573770491,0.003598848368522,0.9978625021811202,98.46638383022184
0.0035962402942378,0.0035905210244953,0.9984096530613724,98.47299770249114
0.0035874439461883,0.0035836585171617,0.9989448116588358,98.47946661396544
0.003580146460537,0.0035776753060899,0.9993097616328656,98.48387807084148
0.0035734589458296,0.0035725627183232,0.9997491988798752,98.48918991795163
0.0035679532922478,0.0035683133772103,1.000100921994507,98.49344149066822
0.0035633300939423,0.0035646387832699,1.000367265814034,98.49666101213047
0.0035595825580454,0.0035618173183473,1.0006278152747996,98.49981049231144
0.0035561302836822,0.0035592818160246,1.0008862252198485,98.5029341103688
0.0035535454692295,0.0035573122529644,1.0010600071864897,98.50503475896784
0.0035512510088781,0.0035559067562228,1.0013110161272945,98.50806891487046
0.0035495321071313,0.0035545023696682,1.0014002585092632,98.50914766250052
0.0035478148685695,0.0036326304983021,1.0239064418168895,98.78119880422106
0.0035466709656617,0.0036317700931627,1.023994085813129,98.78225823082025
0.0035458135224433,0.0036311967161351,1.0240800011482043,98.78329676163992
0.0035452421239223,0.0036309100955087,1.024164208985426,98.78431465249884
0.0035449564937157,0.0036309100955087,1.024246729669415,98.78531214931952
0.0035449564937157,0.0036309100955087,1.024246729669415,98.78531214931952
0.0035449564937157,0.0036314833820162,1.0244084485814966,98.78726698164571
0.0035452421239223,0.0036320568495854,1.0244876718228475,98.78822461950756
0.0035458135224433,0.0036326304983021,1.024484360305256,98.78818459041292
0.0034657854437011,0.00347551342812,1.002806862853154,98.52615047068323
0.0034669031685882,0.0034768866060845,1.002879641285272,98.52703020472252
0.0034683013389256,0.0034785358526365,1.0029508721160052,98.52789123160396
0.0034697006374566,0.0034801866645574,1.0030221705548985,98.52875307572204
0.0034713812868329,0.0034821145932257,1.0030919410764372,98.52959645061966
0.0034730635651401,0.0034840446591179,1.0031617889427618,98.53044076044868
0.0034750282851139,0.0034862530702796,1.0032301277125797,98.53126682856066
0.0034769952292391,0.0034887408816999,1.0033781042786862,98.5330555456082
0.0033168837472696,0.0034113447044823,1.0284788266367393,98.83646906011576
0.0033184945366248,0.0034132401968566,1.028550795906435,98.83733901312922
0.0033198380566801,0.003415137796839,1.0287061412429708,98.83921680269432
0.0033211826650465,0.0034170375079465,1.0288616594048967,98.84109668134508
0.003322528363047,0.0034981714103991,1.05286427327622,99.13123643621674
0.0033238751520064,0.0035001193222496,1.0530237034133925,99.13316360219818
0.0033249533695564,0.0035017906884202,1.0531849019246262,99.13511214400224
0.0033263021255881,0.0035034636515646,1.0532608041264744,99.13602963767008
0.0033276519763006,0.0035054174633524,1.053420696730868,99.13796239388124
0.0033287326459365,0.0035070938944683,1.0535823292235795,99.13991618158396
0.0034110289937464,0.0035087719298245,1.028654970760234,98.8385982620888
0.0034121374603948,0.0035104515717249,1.0288130570562355,98.84050918393324
0.0034132466477041,0.0035118525021949,1.0288891676073415,98.84142919609356
0.0034143565563775,0.0035135350954244,1.0290475049718044,98.8433431528134
0.0034154671871188,0.0035152193017496,1.0292059941336924,98.8452589444362
0.0034165785406328,0.0035169051234913,1.0293646353114023,98.84717657360191
0.0034176906176255,0.0035183112106189,1.0294411063641833,98.84810094344878
0.0034188034188034,0.00352,1.0296,98.8500216242877
0.003419638495359,0.0035216904113974,1.0298428960186603,98.8529577124859
0.0031761544099682,0.0033626901521216,1.0587300609718544,99.20214113906552
0.0029320736276266,0.0031232481781052,1.0652011425215555,99.28036253714534
0.0026879530830007,0.0028836911246395,1.0728204829454429,99.37246390471812
0.0026067122841316,0.002804262478968,1.075785193494111,99.40830085133015
0.0026069246435845,0.0028049366885718,1.075956182881872,99.41036774368266
0.0026073494663081,0.0028058361391694,1.0761258417508417,99.41241855293696
0.0026075619295958,0.0028065111057653,1.0762970090610215,99.41448759598715
0.0026079869600651,0.0028074115665356,1.076466872543515,99.416540878577
0.0026081995272638,0.0028080872913992,1.0766382180680358,99.41861207585366
0.0026086247656313,0.0028089887640449,1.076808286516854,99.4206678360436
0.0026088374368172,0.0028096652484546,1.0769798105482862,99.42274119108323
0.0026092628832354,0.0028105677346824,1.077150084317032,99.4247994331476
0.002609688468439,0.0028114708008675,1.0773204675074302,99.4268589978834
0.0026101141924959,0.0028121484814398,1.077404386951631,99.42787340269363
0.0024475809741372,0.0026523067031023,1.0836441086642017,99.50329816009123
0.0024479804161566,0.0026533729999195,1.0839028704671545,99.50642603135066
0.0024485798237022,0.0026542266548701,1.0839861658489502,99.50743289259442
0.0024491795248591,0.0026550808592807,1.0840695148443156,99.50844040191043
0.0022046215399689,0.0023338161918557,1.0586017370984373,99.20058998062184
0.0021233156390363,0.0022538839249778,1.0614926408213057,99.23553476213634
0.0021233156390363,0.0022542468400289,1.0616635598521116,99.23760080402522
0.002123489055864,0.0022544283413848,1.0616623312275486,99.23758595260814
0.0020416496529195,0.0022544283413848,1.104219001610306,99.75200417302364
0.0020414829332026,0.0021739130434782,1.0648695652173912,99.27635448376137
0.0016330529925696,0.0019322115771676,1.183189759278641,100.70659005249294
0.0016329196603527,0.0018517027614523,1.133982771113437,100.11178385510286
0.001551273677335,0.001771193945737,1.1417675498624995,100.20588501467203
0.001551273677335,0.0017713365539452,1.1418594796169166,100.20699624683012
0.001551273677335,0.0017714791851195,1.1419514241760291,100.208107657945
0.001551273677335,0.0017716218392655,1.1420433835434132,100.2092192480599
0.0014696276943174,0.0017716218392655,1.205490238184714,100.97615467233038
0.001551273677335,0.0017717645163888,1.1421353577226467,100.21033101721808
0.0014696276943174,0.0017719072164948,1.205684421534937,100.97850192958894
0.0014696276943174,0.0017720499395892,1.205781536671589,100.97967584181757
0.0014696276943174,0.0017721926856774,1.2058786674543078,100.98084994317335
0.0014695077149155,0.0016917747522758,1.151252718923709,100.32054022018797
0.001469387755102,0.0016917747522758,1.1513467064099463,100.32167632587894
0.0014692678148722,0.0016917747522758,1.151440693896184,100.32281243156991
0.0014691478942213,0.0016112140497865,1.0966996965546874,99.6611120169719
0.0014690279931445,0.0016110842597067,1.0967008574548451,99.6611260497472
0.001468908111637,0.001610824742268,1.096613688430699,99.66007236453468
0.001468788249694,0.0016106950148989,1.0966148559770208,99.66008647764777
0.0014685485844823,0.0016104356228359,1.0966171905055873,99.66011469705542
0.0014684287812041,0.0016101763143064,1.09653007004267,99.65906159884328
0.0014683089974712,0.0016097875080489,1.0963547256206627,99.65694206353382
0.0015497553017944,0.0016095284081764,1.0385693833811955,98.9584420950548
0.001549628904657,0.0016895969104513,1.0903235641602196,99.584038349084
0.0015495025281357,0.0016891891891891,1.0901493598862022,99.58193259570096
0.0015493761722253,0.0016083634901487,1.0380716568260218,98.95242565611672
0.0015493761722253,0.0016079755587715,1.0378212777481572,98.94939911389652
0.001549249836921,0.0016075878144843,1.037655629307172,98.94739678205384
0.0015491235222176,0.0015268402442944,0.9856155576984892,98.3183447254324
0.0015491235222176,0.0015265948899244,0.9854571749959828,98.31643022067357
0.0015489972281102,0.0015262270061852,0.9853000240983212,98.31453060577456
0.0015488709545936,0.0015259818488474,0.9852220705164244,98.313588315353
0.0015488709545936,0.0015257367702561,0.9850638400385447,98.3116756506611
0.0015487447016628,0.0015254917703733,0.9849859494179044,98.31073412130516
0.0015486184693129,0.0015252468491611,0.9849080838083006,98.3097928942786
0.0015484922575387,0.0015250020065815,0.9848302431976884,98.30885196943586
0.0015484922575387,0.0015247572425969,0.9846721771928416,98.30694129286766
0.0015483660663352,0.0015246348900658,0.9846734071577594,98.30695616048672
0.0015482398956975,0.0015243902439024,0.9845956354300386,98.30601606828937
0.0015481137456204,0.0015242679502607,0.9845968712394704,98.30603100655598
0.0015481137456204,0.0015241456762393,0.9845178886571474,98.30507627774196
0.0014666340747983,0.0015241456762393,1.039213326915878,98.96622598143924
0.0014666340747983,0.0015240234218336,1.039129969786904,98.96521837380548
0.001547987616099,0.0015239011870388,0.9844401668270772,98.30413678869942
0.0014665145836728,0.0015239011870388,1.0391312872063594,98.965234298561
0.0014665145836728,0.0015237789718501,1.0390479500271783,98.96422693207712
0.0014663951120162,0.001523656776263,1.039049273812706,98.9642429337847
0.001466275659824,0.0015235346002726,1.0390505973859356,98.96425893292609
0.001466275659824,0.0015235346002726,1.0390505973859356,98.96425893292609
0.0014661562270913,0.0015234124438742,1.0390519207469175,98.9642749295018
0.0014660368138133,0.0015231681898348,1.0389699463773538,98.96328403644247
0.0015473572766511,0.0015230460921843,0.9842885771543086,98.30230439699685
0.0015472312703583,0.0015228019555983,0.984210948144586,98.3013660299518
0.001546979319329,0.0015225578972674,0.984213478644122,98.30139661822518
0.0015467274503419,0.0015221919564172,0.98413715750681,98.30047406053252
0.0015464756633566,0.0015218261914297,0.9840608730476572,98.29955194619956
0.0015462239583333,0.0014413837283792,0.9321959607539028,97.67261718734282
0.0014644862094215,0.0014410375470338,0.9839884716996238,98.29867677029232
0.0013829008378752,0.0013607620267349,0.9839910349795886,98.29870775481028
0.0013827883520416,0.001360544217687,0.9839135654261704,98.29777131524752
0.0013825634352635,0.0013603264783548,0.9839161398735696,98.29780243475564
0.0015450922989346,0.0015201216097287,0.9838387070965678,98.29686643974031
0.0015449666612457,0.00152,0.98384,98.29688206815008
0.0016260162601626,0.0015197568389057,0.9346504559270516,97.70228673215529
0.0016257519102584,0.0015994881637875,0.9838451695457452,98.29694455679169
0.0016254876462938,0.0015992323684631,0.9838477530785223,98.2969757861224
0.0016252234682268,0.0015988488288432,0.9837716843872412,98.29605627995691
0.0016248273620927,0.0015985932379506,0.9838542082966988,98.29705381576656
0.0016244314489928,0.0015982100047946,0.9838580789515742,98.29710060362318
0.0015427086716466,0.0015178143473398,0.983863236938808,98.29716295254734
0.0015423329815731,0.0015174506828528,0.9838671032665124,98.29720968809782
0.0015418323460196,0.0015170871925902,0.9839508144362824,98.29822157532008
0.0015414570825896,0.0015166028097062,0.9838761174968071,98.2973186506709
0.0015409570154095,0.0015161187360357,0.9838812639642516,98.29738086034568
0.0015405821778967,0.0015157558835261,0.9838851216593538,98.29742749154666
0.0015400826781227,0.0015152723502671,0.98389026238137,98.2974896317716
0.0015397082658022,0.0015147891254085,0.9838156740811608,98.2965880203365
0.0015393340354857,0.0015144269089749,0.9838195440777938,98.29663480023642
0.0015389599870403,0.0015139442231075,0.9837450199203188,98.2957339641484
0.0015384615384615,0.0015135824105791,0.9838285668764438,98.2967438663824
0.001538087913867,0.0015131002628016,0.9837540813888668,98.29584349772992
0.0015377144707024,0.0015127388535031,0.9837579617834395,98.29589040331848
0.0015373412088356,0.0015122572429162,0.983683540273798,98.29499080802104
0.0015369681281346,0.0015118962361741,0.9836874353465423,98.29503789103696
0.0015365952284674,0.0015114151618805,0.9836130777185584,98.2941390679308
0.0016169455897809,0.0015904572564612,0.9836182902584492,98.29420207627874
0.0016164228562191,0.0015898251192368,0.9835453100158982,98.29331990278725
0.0016159004605316,0.0015893197711379,0.983550540368722,98.29338312645504
0.0016152479405588,0.0015886885376122,0.9835570736357137,98.2934620995408
0.0016147263038914,0.0015881839116969,0.9835622965139365,98.29352523285684
0.00161407473166,0.0015875535799333,0.98356882044769,98.29360409312388
0.0016134236850596,0.0015869237483138,0.9835753392049512,98.29368289081836
0.0016127731634545,0.0015861686097232,0.9835038464588786,98.2928186979462
0.0016121231662098,0.0015062628825114,0.9343348660218804,97.69847193189156
0.0016116035455278,0.0015056660591172,0.9342657896822252,97.69763694815344
0.0017720499395892,0.0016634980988593,0.938742222606291,97.75174735288896
0.0017714791851195,0.0016628394963971,0.9386728957162086,97.75090934053736
0.0017709087981968,0.0016623129897886,0.9386779214611084,97.75097009093734
0.001770481248994,0.0016617868164912,0.9386074082600157,97.75011773864811
0.0017699115044247,0.0016613924050632,0.9386867088607594,97.75107631161792
0.0018499155473337,0.0017399557102182,0.9405595367453886,97.77371475534224
0.0018494692827275,0.0017394054395951,0.9404889585567746,97.77286161749429
0.0018488745980707,0.001738992964983,0.9405683688864602,97.77382151684996
0.0018484288354898,0.0017384433030422,0.9404978269458713,97.77296881716232
0.0018478348196352,0.0017378939884667,0.9405028901932634,97.7730300208864
0.0018473895582329,0.0017374822302953,0.9405066855294514,97.7730758983028
0.0018469445113627,0.001737070667193,0.940510479067612,97.77312175398494
0.0018464996788696,0.0017366592990211,0.9405142708090224,97.77316758794824
0.0017657917970944,0.0017362481256412,0.9832688816983663,98.2899784815271
0.001765366714813,0.0017358371469149,0.9832728420388196,98.29002635348864
0.0017648002566982,0.0017354263627041,0.9833556835213376,98.2910277280706
0.001764375651616,0.0017350157728706,0.983359621451104,98.29107532913534
0.0017639512508017,0.0017347421542343,0.9834410976186722,98.29206020000868
0.0018436873747494,0.0018919984233346,1.0262034926565098,98.80896518712868
0.002564308037503,0.002521869335645,0.9834502324848294,98.29217062080878
0.0028035885933995,0.0028359855049629,1.011555515541651,98.6319027841648
0.0028026905829596,0.0028350921404945,1.011560875728461,98.63196757724508
0.002801568878572,0.0028341993386868,1.0116472096632705,98.63301116803136
0.0028006721613187,0.0028330841268592,1.0115729238102733,98.63211321252972
0.0027995520716685,0.002832192589096,1.011659192825112,98.6331560185738
0.0027984328775885,0.0028310789556464,1.0116658428077112,98.63323640249914
0.0027970910253336,0.0028299661976259,1.011753343739823,98.63429409976204
0.0027959737977312,0.0028286320421151,1.0116804543770836,98.63341302481112
0.0027948574622694,0.0027489789506754,0.9835846685516808,98.29379566246844
0.0027935190358368,0.0027478998194237,0.9836696239302818,98.29482258948792
0.0027924046593266,0.0027466059797535,0.9835988385780428,98.29396694747922
0.0027912911715447,0.0027455287103859,0.983605271415124,98.29404470658427
0.0027899561578318,0.0027442371020856,0.9836129841618316,98.29413793703206
0.0027888446215139,0.0028215377380672,1.01172281750697,98.633925103545
0.0027877339705296,0.0028202115158636,1.0116501594762464,98.6330468248985
0.0027866242038216,0.0028191072826938,1.0116567848752658,98.63312691166144
0.0027855153203342,0.0028182245185533,1.0117426021606388,98.63416425727203
0.0027844073190135,0.0028171218405196,1.0117491867237545,98.63424385041712
0.0027833001988071,0.0028160200250312,1.0117557661362415,98.63432338130224
0.0027824151363383,0.0028151391929934,1.0117610259618393,98.63438696123222
0.0027813095994914,0.0028142589118198,1.0118466898954706,98.63542245315148
0.0027802049408213,0.0028131593342189,1.0118532245280702,98.6355014427445
0.0027793218454697,0.0028122802906022,1.0118584485587063,98.63556458999072
0.002778439310947,0.0028114017961733,1.011863669325598,98.63562769778532
0.0027773369306459,0.0028105238504176,1.0119491875132438,98.63666142795046
0.0027764556560368,0.0028096464528213,1.011954376693314,98.6367241539286
0.0027755749405233,0.0028085504758932,1.0118806143146912,98.63583252610144
0.0027744748315497,0.00280767430978,1.0119660405107294,98.63686514428674
0.002773595372058,0.0028065798705854,1.0118923253405203,98.63597408710731
0.0027727164699358,0.0028057049333645,1.0118975249674338,98.63603693936524
0.0027716186252771,0.0028046120286693,1.0119040199439078,98.63611544960136
0.0027707409753008,0.002803738317757,1.011909212283044,98.6361782137658
0.002769644694152,0.002802428771602,1.0118369253352906,98.63530442071084
0.0027685492801771,0.0028791533732783,1.039950198428138,98.97513316634355
0.0028465248675575,0.0028778097534417,1.010990554216035,98.62507362208252
0.0028453999367688,0.0028764673870792,1.0109184828146192,98.6242024345172
0.0027650497708958,0.0028751262724376,1.0398099530433045,98.9734379025779
0.0027639579878385,0.002874009631816,1.0398166847910515,98.97351927486726
0.0027626489857131,0.0028726708074534,1.039824755989352,98.97361683822052
0.0027615590973646,0.002871556072953,1.0398314762459118,98.97369807160624
0.0029182112153955,0.0029480217222653,1.0102153355838384,98.61570290332983
0.0029172908617834,0.0029471071816348,1.0102205509371631,98.6157659456861
0.0029163710885158,0.0029461932082493,1.0102257630556593,98.61582894894028
0.0029156816390858,0.0029452798015811,1.0101513697855349,98.61492969499764
0.0029152221872045,0.0029445951181712,1.0100757091845818,98.61401512176276
0.0029147628801008,0.0029441388393894,1.0100783358705416,98.61404687272224
0.0029143037177063,0.0028662173677279,0.9834998838019984,98.29277079798403
0.0029140741907537,0.0028657733715436,0.9834249864456664,98.29186545072798
0.0029925972594109,0.0030202121892666,1.0092277468238862,98.60376508846257
0.0029921259842519,0.0030195106844224,1.0091522550569674,98.60285255606644
0.0029918904023305,0.0030190431955411,1.0090754638570416,98.60192431633214
0.0029916548575027,0.0030183422335732,1.0089206066012486,98.60005242660893
0.0029914193497598,0.0030178751063994,1.0088438809629507,98.59912497937307
0.0029914193497598,0.0030174081237911,1.0086877735925888,98.59723797846505
0.0029911838790931,0.0030169412856811,1.0086111077182396,98.59631125364623
0.0029124685138539,0.0030164745920024,1.035710627481066,98.92388591127632
0.0029124685138539,0.002938674503132,1.0089978618321362,98.60098627547524
0.0029122392758756,0.0029382200572179,1.0089212385663324,98.60006006570173
0.0029122392758756,0.0029379928869645,1.008843233213111,98.59911714947668
0.0029122392758756,0.0029375386518243,1.0086872586872584,98.59723175437182
0.0029122392758756,0.0029370845571185,1.0085313323835507,98.59534694216852
0.0029120100739807,0.0029368575624082,1.0085327618367268,98.59536422116972
0.0029117809081608,0.0029364036782319,1.008456257818749,98.59443945284484
0.0029117809081608,0.0029359499343274,1.0083004274459113,98.59255580023854
0.0029115517784073,0.0029357231149567,1.0083018741856813,98.59257328819731
0.0029113226847116,0.0029352695813378,1.0082254353844031,98.59164930820148
0.0029110936270653,0.0029348161878282,1.008149020197213,98.59072561364891
0.0029895366218236,0.0030890416248358,1.0332844235076066,98.89455834595772
0.0029895366218236,0.003088803088803,1.0332046332046332,98.89359385354578
0.0029893014474512,0.0030885645896069,1.033206133239051,98.89361198572176
0.0029895366218236,0.0030885645896069,1.033124855223535,98.89262951007868
0.0029895366218236,0.003088803088803,1.0332046332046332,98.89359385354578
0.0029897718332022,0.0030890416248358,1.033203132938532,98.89357571856928
0.0029902423670129,0.0030892801977139,1.0331203355933858,98.8925748775128
0.0029904776894625,0.0030897574540398,1.0331986307495915,98.89352129682992
0.0029909484454939,0.0030902348578491,1.0331956281308958,98.8934850016557
0.0029914193497598,0.0030909512402441,1.0332724632847865,98.89441377269851
0.0029921259842519,0.0030916679548616,1.033267974387972,98.89435951163226
0.0029928329526659,0.0030923850019327,1.0332634834089476,98.8943052253966
0.002993304450571,0.0030933415822442,1.033420299647115,98.8962007949852
0.0029152221872045,0.0030169412856811,1.0348923999422954,98.91399530774451
0.0029159114193395,0.0030178751063994,1.0349680331108793,98.91490954938132
0.0029166009774554,0.0030185758513931,1.0349636013722705,98.9148559792343
0.0029170608640807,0.0030195106844224,1.0351209059787567,98.916757452141
0.0030752247279608,0.0032525362038256,1.0576580547927252,99.1891828999462
0.0029968454258675,0.0031758326878388,1.0597252232051857,99.21417050086689
0.0029970817887846,0.0031763247598388,1.0598058323683397,99.21514489152965
0.0029973181889887,0.00325430032543,1.0857373559421566,99.52860099816412
0.0029975546264889,0.0032545524990313,1.0857358429005484,99.5285827087593
0.003155320659462,0.0034097954122752,1.0806494110353375,99.46709873445322
0.003155320659462,0.0034100596760443,1.0807331628303494,99.46811111274688
0.0033130866924351,0.0034878313439776,1.0527437606572625,99.12977969896676
0.0033919697089216,0.0034881016975428,1.0283410516221023,98.83480365778966
0.0033922372988324,0.0034881016975428,1.0282599329779738,98.83382310860245
0.0033925049309664,0.0034883720930232,1.0282585181179016,98.83380600600032
0.0033927726053337,0.0034886425304287,1.0282571030384544,98.83378890074644
0.0033930403219442,0.0034889130097689,1.0282556877395812,98.83377179284018
0.0033935758819351,0.0034891835310537,1.0281731284181828,98.8327738289767
0.0033149171270718,0.0034119106699751,1.029259718775848,98.84590835931198
0.0028422548555187,0.0029473357635926,1.0369709661573463,98.9391206834787
0.0026060175313906,0.0027152831652443,1.0419282036815007,98.9990429772676
0.00260663507109,0.0027159152634437,1.0419238556120685,98.9989904185002
0.0026074589127686,0.0027165476560074,1.0418371858918272,98.99794276879337
0.0026082832753714,0.002717180343141,1.041750475800627,98.99689463108884
0.0026091081593927,0.0027180243845616,1.0417446186647086,98.99682383096729
0.002610139998418,0.0027188689505165,1.041656367920642,98.99575707009748
0.0026111726539009,0.002719714041495,1.041568062315595,98.99468964607696
0.0026122061268107,0.0027207711442786,1.0415606625961105,98.99460019945214
0.0026134473746733,0.0027216174183514,1.0413897921673971,98.99253474505755
0.0026144826493424,0.0027226760015558,1.0413823179284087,98.99244439765292
0.0026157260621433,0.0027237354085603,1.0412923004362693,98.9913562806152
0.0026167631432876,0.0027247956403269,1.0412847824291966,98.99126540414896
0.0026180087266957,0.0027258566978193,1.0411946568488624,98.99017598055842
0.0026190476190476,0.0027269185820023,1.0411870949463469,98.99008457349107
0.0026202953787517,0.0027279812938425,1.0410968610500957,98.98899384059509
0.0026213360870601,0.0027290448343079,1.0410892551243427,98.98890190138192
0.0026225860287689,0.0027301092043681,1.04099891268378,98.98780985641964
0.0026236285577993,0.0027311744049941,1.040991262606557,98.98771738351056
0.003499284237315,0.0035123321885732,1.003728748616354,98.53729407824147
0.0035003977724741,0.003513154813022,1.0036444545383574,98.53627514491788
0.0035012333890347,0.0035139778228955,1.0036399840983632,98.53622110695471
0.0035020694046482,0.003592907912208,1.0259385229314153,98.8057622755
0.0035029058196003,0.003593469260214,1.025853804035196,98.80473820704172
0.0035034636515646,0.0035940307836549,1.025850741180064,98.80470118373908
0.0035040216612248,0.0035945924826131,1.0258476773675649,98.80466414886396
0.0035048590090807,0.0035954353603251,1.025843079852772,98.80460857484098
0.0035054174633524,0.0035178236397748,1.003539143783046,98.5350021653626
0.0035062554785241,0.0035183737294761,1.0034561802544602,98.53399931550732
0.0035068143779389,0.0035191991866739,1.0035316407999602,98.53491147050391
0.0035073734555599,0.0035200250312891,1.0036071367618615,98.5358240536083
0.0035079327114725,0.0035205758097324,1.003604145033499,98.53578789007469
0.0035084921457619,0.0035996556851083,1.0259836806123683,98.8063081343199
0.0035890891689264,0.0036002191437739,1.0031010583252895,98.52970665846458
0.0035896617740906,0.0036013465904642,1.0032551301791104,98.53156905437446
0.0035908075327162,0.0036024747435194,1.0032491885730197,98.53149723319098
0.0035916673317902,0.0036036036036036,1.0033233233233234,98.53239336218742
0.0035928143712574,0.0036047331713815,1.0033173993678657,98.53232175436196
0.0035939621435987,0.003605863447519,1.0033114716974558,98.53225010163078
0.0035951106495166,0.0036072772898368,1.0033842185975186,98.53312945451565
0.003596547314578,0.0036086922413116,1.0033768294064835,98.53304013515704
0.0034377998081228,0.0035313505453974,1.027212386554223,98.82116053509137
0.0034388995521433,0.0035324593767171,1.0272063266621272,98.82108728408558
0.0034397248220142,0.0035335689045936,1.0272824389843045,98.82200731765433
0.003440550488078,0.0035346791296834,1.027358599134506,98.82292792936056
0.0034413765506202,0.0035355122564424,1.0273540847499745,98.82287336020288
0.0034422030099263,0.0035363457760314,1.027349568236853,98.82281876531512
0.0033626901521216,0.0035369016741334,1.0518071883315931,99.11845856259194
0.0033629594042757,0.0035374577470324,1.0518883286354397,99.11943937359838
0.0032831518257527,0.0033810347538921,1.029813707478166,98.85260488608002
0.0032836777190453,0.0033815665303554,1.0298107243419086,98.85256882640638
0.0032839407288746,0.0033823645087705,1.0299712412683004,98.85450912932195
0.0032844668749499,0.0033828967036425,1.0299682817455975,98.8544733550852
0.0032847300112161,0.0033836953100409,1.030128899022701,98.85641487102411
0.0032852564102564,0.0033844942935852,1.0302070435108128,98.85735946908945
0.0032857829780413,0.0033852936545425,1.030285224911767,98.85830451335129
0.0032863097146521,0.0033860933931805,1.0303634432517257,98.8592500041259
0.0032868366201699,0.0033868935097668,1.030441698556872,98.86019594172978
0.003287363694676,0.0033876940045694,1.0305199908534184,98.8611423264798
0.0032878909382518,0.003388761919773,1.0306795399895052,98.86307093090107
0.0032884183509785,0.0033895632981239,1.0307579317319266,98.86401851773692
0.0032892097874047,0.0033906323923671,1.0308349456306425,98.86494944941856
0.0032897376233651,0.0033914346557299,1.0309134174234715,98.8658980038909
0.003290529695024,0.0033925049309664,1.0309905229229808,98.86683004282828
0.0032913221481897,0.0033935758819351,1.031067677104046,98.86776267022051
0.0032921149831379,0.003394647509276,1.0311448800127854,98.86869588662508
0.003293172690763,0.0033957198136302,1.0311393092608965,98.86862854826784
0.0032939664176106,0.0033967927956394,1.031216583593279,98.86956262802995
0.003214400514304,0.0032395701643489,1.0078302781289503,98.58687271054224
0.0032149172158816,0.0032400821874506,1.0078275644065116,98.58683990749974
0.0032154340836012,0.0032405943724312,1.0078248498261144,98.58680709408635
0.003215951117543,0.0032411067193675,1.0078221343873517,98.5867742702972
0.0032162096968722,0.0032413629535931,1.0078207763459563,98.58675785451018
0.003216468317787,0.0032416192283364,1.0078194180898163,98.58674143612734
0.0032169856844137,0.0032418755436071,1.0077370127302916,98.58574533333034
0.0032172444301455,0.0032421318994148,1.007735647635616,98.5857288322844
0.0032175032175032,0.0032421318994148,1.0076545943381303,98.58474907299691
0.0032177620464966,0.0033212082872054,1.032148505456271,98.88082755035624
0.003298206097659,0.003400284674996,1.030949726704289,98.86633690466614
0.0032984714400643,0.0034793610627866,1.0548404392789776,99.1551240145738
0.003298206097659,0.0034788108791903,1.054758488761358,99.15413340983297
0.0033783783783783,0.003399209486166,1.0061660079051382,98.56675527844232
0.0033778349686343,0.0033984035406622,1.0060892767760703,98.56582776483494
0.0033772917336764,0.0033973295409654,1.005933099320158,98.56393991674398
0.0033764772087788,0.0033962562198878,1.0058578837901166,98.56303072345504
0.0032955550196929,0.0033164876816171,1.0063517865121796,98.56900094051048
0.0034560360070728,0.0036317700931627,1.0508484534681752,99.10686952900792
0.0034560360070728,0.0036314833820162,1.0507654939313105,99.10586672740394
0.0034560360070728,0.0036314833820162,1.0507654939313105,99.10586672740394
0.0035369774919614,0.0037107216169272,1.0491222026039648,99.08600288484683
0.0034571474513587,0.0035536602700781,1.0279168939356376,98.82967650756189
0.0034579815038198,0.003554221625464,1.0278313002940729,98.82864186532186
0.0032979407979407,0.0035550639911518,1.077964769219505,99.43464721385884
0.0034593724859211,0.003713360195939,1.0734201682679498,99.37971280491728
0.0034596508166385,0.0037136536030341,1.0734186193514244,99.37969408186224
0.0035401078123742,0.0037136536030341,1.0490227416388922,99.0848006166197
0.00362056480811,0.0037926675094816,1.047534766118837,99.06681420668292
0.0037010218038458,0.0038716814159292,1.0461114851866102,99.0496098145695
0.0037814787995816,0.0038716814159292,1.023853794012427,98.78056240598696
0.0037814787995816,0.0038716814159292,1.023853794012427,98.78056240598696
0.0037817830704859,0.0038716814159292,1.0237714178120882,98.77956665566154
0.0037817830704859,0.0038716814159292,1.0237714178120882,98.77956665566154
0.0037820873903597,0.0038716814159292,1.0236890416117492,98.77857090533612
0.0037820873903597,0.0038716814159292,1.0236890416117492,98.77857090533612
0.0041039671682626,0.0040297092288242,0.9819058154235144,98.27350195455467
0.0041844371127383,0.0041083985146559,0.981828237339022,98.27256420308566
0.0041844371127383,0.004108073945331,0.9817506715120872,98.27162659978404
0.00418410041841,0.0041077494272849,0.9817521131210996,98.27164402572306
0.0042645638879948,0.0041864139020537,0.9816745655608216,98.27070664322586
0.0042645638879948,0.0041864139020537,0.9816745655608216,98.27070664322586
0.0042645638879948,0.0041860832477687,0.9815970302503751,98.26976940880267
0.0042649070572141,0.0041860832477687,0.981518047547587,98.26881467853252
0.0042649070572141,0.0041857526457115,0.9814405307218448,98.26787766754946
0.0042652502816674,0.0041857526457115,0.9813615542568316,98.26692301268052
0.0042659368963296,0.0041860832477687,0.9812810994392228,98.265950487722
0.0042662802865652,0.0041860832477687,0.9812021167364348,98.26499575745184
0.0042666237320882,0.0041860832477687,0.9811231340336466,98.26404102718168
0.0042673107890499,0.0041860832477687,0.9809651686280704,98.26213156664134
0.0042676544005153,0.0041860832477687,0.9808861859252824,98.26117683637118
0.003624355670103,0.00347551342812,0.9589327716341934,97.99580747805216
0.0035446709095303,0.0034757879769334,0.9805671854016904,98.25732080909786
0.0035458135224433,0.0034763372047088,0.9804060993916413,98.25537362719012
0.0035469568722289,0.0034771613718982,0.9803224276908488,98.25436221706254
0.0035483870967741,0.0034777110338286,0.9800822004426176,98.25145838853416
0.0035498184751916,0.0034785358526365,0.9799193612143252,98.24949001400488
0.0035512510088781,0.0034790859492369,0.9796789752510476,98.24658426695444
0.0035526846992329,0.0034799114204365,0.9795159759569756,98.24461395757564
0.0036348949919224,0.0034807372834427,0.9575895015338096,97.97957024406836
0.0037171717171717,0.0035606899825921,0.9579030116212665,97.9833599038284
0.0037186742118027,0.0036409688143105,0.9791040050656956,98.23963411937756
0.0037201779215527,0.003562945368171,0.9577352060311888,97.98133149671276
0.0037219839792863,0.0036432757801362,0.978853160145731,98.2366019461326
0.0036428397960009,0.0035654860946042,0.9787655494810238,98.23554292243966
0.0036443148688046,0.0034879112168053,0.9570828378913993,97.97344577505012
0.0036463819787699,0.0034892942109436,0.9569195523834698,97.97147200596405
0.0036481556546412,0.0034909552523008,0.956909623047357,97.97135198173828
0.0036499310568578,0.0034926178758533,0.9568996842532324,97.9712318431856
0.0036517081879412,0.0034945596060678,0.9569657339016404,97.97203024076435
0.0036537836960051,0.0034962256654747,0.9568781176886064,97.97097115000412
0.0036555645816409,0.0034981714103991,0.9569442236002896,97.97177022768436
0.0036576444769568,0.0035001193222496,0.9569326227030468,97.97162999789518
0.0036594291290558,0.0035816618911174,0.9787488061127028,98.23534053128316
0.0036615134255492,0.0035836585171617,0.9787369594648404,98.23519733089984
0.003663600097696,0.003585943103036,0.978803091879831,98.2359967289478
0.0036656891495601,0.0035879445064583,0.9787912613618244,98.2358537235396
0.0036677805852147,0.0035905210244953,0.9789356099896274,98.23759858664955
0.0036701737215561,0.0035928143712574,0.9789221556886228,98.23743595321238
0.0038354822914966,0.0037548933450507,0.9789885755372691,98.23823882571236
0.0038376745325385,0.0038369304556354,0.9998061125567632,98.48987788136886
0.0038398692810457,0.0038390786211309,0.9997940919711183,98.48973257845348
0.0038420665413226,0.0038415366146458,0.99986207248857,98.49055431606818
0.0038442663176836,0.0038436899423446,0.9998500688320364,98.49040921778918
0.0038464686144529,0.0038455375741067,0.9997579493193604,98.48929569186365
0.0038486734359646,0.0038476953907815,0.9997458747281798,98.48914973613796
0.0038505652957561,0.0038498556304138,0.9998156984006716,98.48999375351582
0.003852774817608,0.0038520182970869,0.999803642684324,98.48984802594612
0.0038549868766404,0.0038538739462063,0.9997113011095264,98.4887318157692
0.0038568849499425,0.0038554216867469,0.9996206100999744,98.48763555736076
0.0038584681060668,0.0038572806171648,0.9996922382486306,98.48850138695768
0.0038603696098562,0.0038588310957472,0.9996014593770792,98.48740406648749
0.0038622729887418,0.0038603828212964,0.9995106074969454,98.4863058635012
0.0038638605721802,0.0038619357953174,0.9995018513668276,98.48620002080176
0.003947693066864,0.0038631790744466,0.9785915492957746,98.233439636049
0.0039493170972519,0.0038644231543353,0.9785041462040094,98.23238312146457
0.0039506172839506,0.0038656680357574,0.9784972215510992,98.23229941736848
0.0039522437216961,0.0039474744219769,0.9987932678106288,98.47763477618282
0.0040362438220757,0.0039490651192778,0.9784010315925208,98.23113668854432
0.0040382396571616,0.0039506570990889,0.9783116987825528,98.2300568478351
0.0040402374670184,0.0039519316073876,0.9781433986611824,98.2280224629043
0.0047838997030682,0.0046793061718434,0.9781363453005244,98.22793720300956
0.0047854785478547,0.0046804389928986,0.9780503550677856,98.2268977668389
0.0047866633655195,0.0046811945117029,0.9779661016949152,98.22587932555236
0.0047874535699546,0.0046811945117029,0.9778046811945116,98.22392810037874
0.0047874535699546,0.0046808167218142,0.9777257687030908,98.22297421881234
0.0047874535699546,0.0046804389928986,0.977646868947708,98.22202049119711
0.0047874535699546,0.0048410521219945,1.0111956285855783,98.62755252823952
0.0048695939253879,0.0049213392496974,1.0106262093107528,98.62066947918066
0.0048691920442353,0.0049205452932161,1.010546564710161,98.61970674799578
0.0048687902294107,0.0048394902403613,0.9939820802152342,98.41947791055756
0.0048683884808977,0.0048390999274135,0.9939839325478682,98.41950030125798
0.0048679867986798,0.0048390999274135,0.9940659511907058,98.42049172948558
0.0048675851827406,0.0048390999274135,0.9941479698335433,98.42148315771315
0.0047850837389654,0.0048390999274135,1.0112884520720526,98.62867456368768
0.0048675851827406,0.0048394902403613,0.9942281559901678,98.42245243514068
0.0048675851827406,0.004840271055179,0.9943885671156906,98.42439145915228
0.0047854785478547,0.0047599838644614,0.994672490297812,98.42782347713604
0.0047025822951901,0.0045989995158947,0.9779732128449248,98.22596528399554
0.0046196997195182,0.0045183153138615,0.978053897046958,98.22694058171624
0.004619318650499,0.0045179507866075,0.9780556676079064,98.2269619839736
0.0046181758205508,0.0044369151339141,0.9607505877471996,98.01778094828572
0.0045345865281556,0.0044361993869979,0.9783029520890468,98.22995111920388
0.0045334652159577,0.0044351261995,0.978308200951536,98.2300145666136
0.0045319709953856,0.0043537853745061,0.9606825328183064,98.01695831119744
0.0043664524633382,0.0042728152208964,0.9785553047404062,98.23300151766465
0.004365373527716,0.0041918581217251,0.9602518765257466,98.01175260685926
0.0042826552462526,0.0041921960657852,0.9788777813608512,98.23689956344036
0.004364654533476,0.0041921960657852,0.9604874872986802,98.01460063217311
0.004281244854273,0.0043534343760077,1.0168618063651924,98.69604437837091
0.0043624989711087,0.0044336960902861,1.0163202603940893,98.68949825734634
0.00436142198815,0.0044333387070772,1.0164892824226863,98.69154136857614
0.0043599868377755,0.0044326241134751,1.016659975913288,98.69360468417112
0.0043589110946623,0.0044322669030542,1.0168289297025743,98.69564697053508
0.0043574775959878,0.0044319097502014,1.0170814772018917,98.69869972428673
0.0042738555108079,0.0043506284241057,1.017963385309502,98.70936008834263
0.0040262941659819,0.0042697172319342,1.0604583410742854,99.22303231233346
0.003942828979793,0.0041884816753926,1.062303664921466,99.24533829165512
0.0039415339136147,0.0041881443298969,1.0625671176975946,99.24852286664748
0.0039402396979149,0.0041874698019004,1.062744940140656,99.25067235587883
0.0038568849499425,0.0041062801932367,1.0646623496762255,99.27384969546448
0.003773275367074,0.0041052885776382,1.0879907184779984,99.55583928384794
0.0037717284355526,0.0041042974408498,1.088174164969664,99.55805675567868
0.0037698737911817,0.0041033067825247,1.088446725225367,99.56135142042652
0.003931525923499,0.0042628488699428,1.0842733719402666,99.51090459385908
0.0040926577719571,0.0045019696117051,1.1000112549240293,99.70114160452744
0.0040896450188123,0.0044994375703037,1.1002024746906638,99.7034530384619
0.0040859687831984,0.004496186270574,1.1003966278602972,99.70579993090232
0.0040822991508817,0.0044929396662387,1.1005905006418484,99.70814343405648
0.004077970801729,0.0044889779559118,1.1007871743486977,99.71052079434736
0.0042365976861658,0.0045651129264776,1.0775422319151295,99.4295396505504
0.0042321152437535,0.004561094662719,1.077734040785173,99.4318582054726
0.0042272985936102,0.0045567191622032,1.0779269695050333,99.43419029696014
0.0042228357966542,0.0045523520485584,1.0780319831913154,99.43545968559252
0.0042176981101468,0.004547993297694,1.078311718601354,99.4388410824576
0.0042129142023819,0.0045436428856117,1.0785035410982002,99.44115980209835
0.0042081411345795,0.004538939321548,1.07860909993017,99.4424357803646
0.0042030391205948,0.0045342454856415,1.07880163746841,99.44476314331132
0.0041979494631468,0.0045299213224191,1.0790795273231892,99.44812223139976
0.0041125715668091,0.0045252461098761,1.100344647226944,99.70517159732584
0.0043488765402271,0.0046788263283108,1.0758701207154815,99.40932743798952
0.0047458172458172,0.005070110116454,1.0683323553857165,99.31821213709844
0.0047404788687128,0.0050644931550209,1.068350539108322,99.318431939027
0.0050553683196918,0.0053746443250079,1.063155834575373,99.25563918204227
0.0051290270876743,0.0054472250730243,1.0620386634562249,99.24213499635664
0.0051216389244558,0.0054399243140964,1.062145222327341,99.243423062936
0.0051945976184767,0.0055901110148807,1.0761393712184988,99.4125820949766
0.0052669379937754,0.0055826387796823,1.0599400992151424,99.21676788768444
0.0052598023589416,0.0055751864939144,1.0599612140248182,99.2170231201244
0.0052522680248289,0.0055677540777917,1.0600666324474353,99.21829740114484
0.0052451720575379,0.0055599060297572,1.0600045086732637,99.21754645890552
0.0052376795492421,0.0055525142723078,1.0601095809901628,99.21881655625543
0.0052302084158808,0.0055447090980085,1.0601315773904605,99.21908244522172
0.0052231718898385,0.0055373576665106,1.0601522950610456,99.2193328771079
0.0052161542717142,0.0055300257029363,1.0601729578674823,99.21958264580503
0.0052091554853985,0.005522713130056,1.0601935660274178,99.21983175394402
0.0052809962954205,0.0055931018410626,1.059099747127796,99.20660984615049
0.0052743446429977,0.0055857253685027,1.0590368560610446,99.20584962900128
0.0052672955974842,0.00557880055788,1.0591394491975268,99.2070897584151
0.0051825677267373,0.0054949307329154,1.0602718618739049,99.22077818160514
0.0051768766177739,0.0054116737533822,1.0453549800283468,99.04046530129465
0.0051711979942019,0.0054058228434628,1.0453714689563014,99.0406646168167
0.00516553181498,0.0054004011726585,1.045468572470578,99.04183838855592
0.0051598780392463,0.0053954061970094,1.0456460706961708,99.0439839586984
0.0051546391752577,0.0053900053900053,1.0456610456610456,99.04416497367706
0.0051494109385971,0.0053850296176628,1.0457564334785656,99.04531800634848
0.0051441932969602,0.0053800630235954,1.0458516453443822,99.04646891214384
0.0050611227906252,0.0053755183535555,1.0621197263802085,99.24311487200768
0.0050563982886036,0.0053709813550218,1.0622148510585554,99.24426472389489
0.0051294007927255,0.0053664520085863,1.046214212037579,99.05085156030262
0.0051246214768227,0.0053619302949061,1.046307579819644,99.05198017510877
0.0051198510588782,0.0053574161947038,1.0464007903928307,99.05310688959916
0.0051150895140664,0.0053529096887665,1.0464938441538578,99.05423170856923
0.0051103368176538,0.0053484107579462,1.0465867414981105,99.0553546367984
0.0051059879313012,0.0054206749122003,1.061630968410629,99.23720684389684
0.0051012521255217,0.0054165395178516,1.0618058830600787,99.23932118418438
0.0050969186809792,0.0054124104284189,1.0618985248120787,99.2404410228553
0.0050921996759509,0.0054078756950262,1.061992073988418,99.2415718303264
0.0050874894010637,0.0054033485540334,1.062085466537521,99.24270074451252
0.0050823964269213,0.0053984184914841,1.0621797353092972,99.2438402503381
0.005076923076923,0.0054694621695533,1.0773183061241405,99.42683287142812
0.0045342760528742,0.004933211900425,1.0879822584462764,99.55573702033853
0.0048372235872235,0.0050811466707113,1.050426257767377,99.10176609494886
0.0048335123523093,0.0050776809397499,1.050515767757147,99.10284807737918
0.004753143207605,0.0050746042566083,1.0676312568257946,99.30973736991656
0.0047502298498314,0.0050722991899462,1.0678007907609426,99.3117866689908
0.0047476835898613,0.0050699962164207,1.0678883966167478,99.3128456345545
0.0047455032529659,0.0049924357034795,1.0520350397735594,99.12121279435492
0.0046664626682986,0.0048389535762891,1.0369639532664174,98.93903591277557
0.0046643217617372,0.0048367593712212,1.0369694927349498,98.9391028729846
0.0046621828187098,0.0048342019790014,1.036896699889423,98.9382229647183
0.0046600458365164,0.0048320120800302,1.0369022643868089,98.93829022747212
0.0046582665139366,0.004829824164214,1.036828646399715,98.93740034502665
0.0046564885496183,0.0048272740986574,1.03667689659692,98.93556601769794
0.0046547119420068,0.0048250904704463,1.036603452708181,98.93467823972551
0.0046529366895499,0.0048229088168801,1.0365300752344129,98.93379126456662
0.0046511627906976,0.0048203660465466,1.0363787000075315,98.9319614650516
0.0046493902439024,0.0048181886621998,1.0363054958698592,98.9310765851517
0.0047238095238095,0.0048156508653122,1.0194422194713464,98.72723599900442
0.0047216510547559,0.0048131157403925,1.0193713352757232,98.7263791621927
0.0047198538367844,0.004810583283223,1.0192229356196538,98.72458533090142
0.0047176989803682,0.004808053489595,1.019152241294491,98.72373078921343
0.0047151874667275,0.0048051655529694,1.0190826105805677,98.72288910428787
0.0047894176676296,0.0048780487804878,1.0185056136275648,98.71591445746805
0.0047872340425531,0.0048754875487548,1.0184351768510185,98.7150630289865
0.0047854158754272,0.0048732943469785,1.0183638107614716,98.71420036711817
0.0047835990888382,0.0048707381041588,1.0182162036789235,98.71241611632875
0.0047817836812144,0.0048685491723466,1.0181450054867778,98.71155548397734
0.0047803323469155,0.0048663622070824,1.01799662741491,98.70976191359242
0.0047030266251991,0.0046400239485107,0.986603801826074,98.33029046227873
0.0046261186106476,0.0046382883219869,1.0026306526839404,98.52402047036011
0.0046247156937073,0.004636553993419,1.002559789724553,98.5231638902486
0.0046233136274063,0.0046348209613515,1.002488979738896,98.5223079504751
0.0046219124109713,0.0046330892243311,1.002418222667591,98.5214526503218
0.0046208620559048,0.0046310128473259,1.0021967311073778,98.51877529579151
0.0046951912154486,0.0046296296296296,0.9860364396654722,98.32343227928736
0.0047694753577106,0.0047021943573667,0.9858934169278998,98.3217034433263
0.0047683923705722,0.0047004401999552,0.9857494590763262,98.31996330385684
0.0049186530457813,0.0048482136197508,0.9856791228462746,98.31911309076528
0.0049931911030413,0.0048464062033999,0.97060298782637,98.13687518357165
0.0049924357034795,0.0048453224002981,0.9705327595748764,98.13602627570756
0.0049920580894032,0.0048438780833147,0.9703168505985408,98.13341640255771
0.0049913030325947,0.00484279541052,0.9702467229288864,98.13256871051084
0.0049909255898366,0.0048417132216014,0.9701032673099712,98.1308346419494
0.0051413881748071,0.0050636681808027,0.984883461166133,98.30949525972092
0.0051413881748071,0.0050629141538232,0.9847368029186212,98.30772247829756
0.0051413881748071,0.0051373687737324,0.9992182264909536,98.4827716086962
0.0051421657592256,0.0051377513030528,0.9991415181113398,98.48184437008057
0.0051433325769608,0.0051385165326184,0.999063633496294,98.48090291331928
0.0051448891579027,0.0051396648044692,0.9989845547157408,98.47994702167644
0.0050711474417196,0.0050663090448517,0.9990458970235992,98.48068851767604
0.0050726832222895,0.0050678193471456,0.9990411632402898,98.48063129646104
0.0050746042566083,0.0050693305501714,0.9989607649837886,98.47965945520414
0.0050765267464767,0.005071220821836,0.9989548120386952,98.47958749695664
0.0050788356579745,0.0050731125037302,0.998873136555361,98.4786002167862
0.0050807613558807,0.0050750055974326,0.9988671464678252,98.47852780956676
0.005083074121842,0.0050769001045244,0.998785377279646,98.4775393967072
0.0050853889943074,0.0050791753809381,0.9987781439382116,98.4774519612336
0.0050877059761561,0.0050814526976535,0.9987709041104448,98.47736444735428
0.0050900250702727,0.0050837320574162,0.998763657787617,98.47727685496372
0.0048647005168744,0.004861994165607,0.9994436756675892,98.48549680226034
0.0045630846452201,0.0044903457566232,0.9840592725639874,98.29953259980913
0.0045655151422918,0.004492362982929,0.9839772386942196,98.29854098752084
0.0041876046901172,0.0041204674857656,0.9839676356008392,98.29842490686502
0.0041904761904761,0.0041229385307346,0.9838830584707646,98.2974025520532
0.0041933516315949,0.0041260315078769,0.983945986496624,98.2981632159582
0.0039676484053105,0.003903610840027,0.9838600705652728,98.2971246779308
0.0039703748950141,0.00390625,0.983849158653846,98.29699277649192
0.0039734087262168,0.0039088927309629,0.9837630609636926,98.29595204139324
0.003976143141153,0.0039115390401684,0.983752068602377,98.295819167489
0.0039788813222128,0.0039141889348889,0.9837410613473844,98.29568611355234
0.0039819281721418,0.0039165474128191,0.9835806281539504,98.29374682278736
0.0039846743295019,0.0039189087346446,0.983495365136785,98.29271617708216
0.0040637938966416,0.0039966819998491,0.9834854083402458,98.29259582091916
0.0040659762178749,0.0039984911354205,0.983402489626556,98.29159351277916
0.0040681608842493,0.004000301909578,0.9833194958110044,98.29059029681991
0.0039935488825743,0.004001812141347,1.002069151778454,98.5172331372825
0.0039953899346907,0.0040033235138605,1.0019856833249083,98.51622418397513
0.0039969254419677,0.0040045334340763,1.0019034611025543,98.51523029491092
0.00399846212995,0.0040057440858589,1.0018211891653053,98.51423580490103
0.004,0.0039310553371635,0.982763834290898,98.28387354929818
0.0040012311480455,0.0039319470699432,0.9826843100189038,98.28291227262612
0.0040024630541871,0.0039328392073816,0.982604749659658,98.28195055973715
0.0040036957191253,0.0039334341906202,0.9824508320726172,98.28009002857942
0.004004620716211,0.003934327003102,0.9824468487553908,98.28004187887832
0.004005854710731,0.003934922436625,0.9822928490351872,98.27818035490807
0.0040067807058098,0.0039355180504049,0.9822144857337471,98.27723311186227
0.0040077071290944,0.0039361138445235,0.982136098705624,98.27628558201212
0.0040086339808818,0.0039367098190627,0.982057687940041,98.27533776522736
0.0040095612614696,0.0039373059741046,0.9819792534262136,98.2743896613776
0.0040104889711553,0.0039382005452893,0.9819751590427144,98.27434016912515
0.0040114171102368,0.0039387971519466,0.9818966823208604,98.27339155507156
0.0040123456790123,0.0039393939393939,0.9818181818181818,98.27244265355912
0.0040132746777803,0.0039402894597256,0.9818140486474198,98.27239269245248
0.0040142041068395,0.0039408866995073,0.9817355058734368,98.2714432799713
0.004015133966489,0.0039414841203668,0.9816569392859849,98.2704935796367
0.0039388322520852,0.0038662724584944,0.9815783488742325,98.2695435913178
0.0039397450753186,0.0038671519563239,0.9815741583257508,98.26949293663844
0.0039409628313113,0.0038680318543799,0.9814941221084568,98.26852547165356
0.0039421813403416,0.003793338896897,0.9622436335128848,98.0358286465402
0.0038660790226552,0.0037183184094703,0.9617802397935954,98.03022721742734
0.0037902227722772,0.0037197297502467,0.9814013512487664,98.26740407234954
0.003482163584307,0.0034930518642265,1.0031268720311168,98.53001869040916
0.0034061000154822,0.0034181541967337,1.003538998031972,98.53500040354696
0.0034071550255536,0.0034191930704353,1.0035331661727829,98.53492990896646
0.003408210689388,0.0034202325758151,1.0035273307675832,98.53485937152236
0.0034092670075933,0.0034212727134494,1.0035214918131363,98.53478879117552
0.0034103239807781,0.0034223134839151,1.0035156493062036,98.5347181678868
0.0034111171408636,0.00342335488779,1.0035876067637195,98.53558797811652
0.0034897246994959,0.0034243969256525,0.9812799634730992,98.26593675634533
0.0034905367669872,0.0034254395980817,0.9813503844104436,98.26678799336511
0.0034913492125067,0.0034264829056575,0.9814208482448792,98.26763974891809
0.0034921620363184,0.0035036941122705,1.0033022740159616,98.53213892152895
0.0034929752386866,0.0034285714285714,0.981561904761905,98.26934481751984
0.0034935175840385,0.0034293552812071,0.9816338972717576,98.2702150514566
0.003494331417922,0.0034304009757584,0.981704528129288,98.271068825958
0.0034948741845293,0.0034311856652687,0.9817765916889056,98.27193991873293
0.0034177411837812,0.0034319707138499,1.004163431138721,98.54254845100115
0.0033408437572838,0.0034327561217484,1.027511721930788,98.8247788532148
0.0032639104755983,0.003433541889211,1.0519718340563755,99.12044877376164
0.0032646715895841,0.0034343280164847,1.0519673793351578,99.12039492580456
0.0032654330586222,0.0034351145038167,1.0519629225736098,99.12034105318426
0.0032664489034064,0.0034359013514545,1.0518766565952946,99.1192982838452
0.0031894204589653,0.0032839468458836,1.0296374805813129,98.85047468355586
0.0031123560535325,0.003284448518179,1.055293308890926,99.16059822996152
0.003112840466926,0.0032849503437738,1.0552902979373566,99.16056183403668
0.0031133250311332,0.0032852013140805,1.0552066620826648,99.15955085721104
0.0031140521603736,0.0032857033697562,1.0551214946129746,99.15852136646842
0.0031145371019232,0.0032862055789071,1.055118456247612,99.1584846391942
0.0031150221945331,0.0032867079416036,1.055115416953298,99.15844790069096
0.003115507438274,0.003287210457916,1.0551123767296076,99.15841115095358
0.0031159928332164,0.0032877131279149,1.0551093355761143,99.1583743899769
0.0031167212092878,0.0032884674212297,1.05510477210156,99.15831922742686
0.0035068578553615,0.0036714089031665,1.0469226454540816,99.05941499005694
0.0035850674148546,0.0037481832785129,1.0454986879695622,99.04220241988766
0.0035853468433359,0.0037484700122399,1.045497179500825,99.042184185759
0.0035076779172188,0.0036722515492311,1.0469181138908012,99.05936021324528
0.0035079513564078,0.0036728135281964,1.0469967097712145,99.06031026766848
0.003196382630389,0.0035200489745944,1.101260199929823,99.71623865186451
0.003196382630389,0.0034437896992423,1.0774022066385815,99.42784704741848
0.0031961334580604,0.0035203183592255,1.1014303393206124,99.71829526958967
0.0031181789834736,0.0035203183592255,1.1289660978036276,100.05114311104964
0.0033520424072341,0.0035971223021582,1.0731136021415426,99.376007082647
0.0034302642862711,0.0036739380022962,1.0710364262603067,99.35089851304546
0.0030411728009981,0.003139116453564,1.0322058820642388,98.88152110961026
0.0028858903361672,0.0029100934293153,1.0083866988446557,98.59359863509889
0.0028087696028711,0.002757775394515,0.9818446453194424,98.2727625401269
0.0028096464528213,0.0027586206896551,0.98183908045977,98.27269527299384
0.0028105238504176,0.0027594665031427,0.9818335121876436,98.27262796461156
0.0028114017961733,0.0027605244996549,0.98190322828004,98.27347068157844
0.0028125,0.0027615833077631,0.981896287204664,98.2733867789702
0.0028135990621336,0.0027626429284015,0.9818893408027012,98.27330281197504
0.0028146989835809,0.0027637033625057,0.9818823890680178,98.27321878051882
0.00281579976535,0.0027647646110129,0.9818754319944704,98.27313468452724
0.0028169014084507,0.0027658266748617,0.9818684695759065,98.27305052392596
0.0028180039138943,0.0027671022290545,0.9819369715603384,98.27387856495008
0.0028191072826938,0.0027681660899653,0.9819300269127256,98.27379461916124
0.0028202115158636,0.0027692307692307,0.981923076923077,98.2737106087987
0.00282131661442,0.0027702962677953,0.9819161215852252,98.27362653378796
0.0029005957980558,0.002771149257178,0.9553724303935988,97.95277064296648
0.0029799247176913,0.0028487834924545,0.95599176567844,97.96025706876536
0.0030590634559573,0.0028494416634578,0.9314751735236908,97.66390442666562
0.0030595434219816,0.0028501001386535,0.9315442683952928,97.66473963441494
0.0030600235386426,0.0028503196980201,0.9314698602889034,97.6638402011339
0.0030600235386426,0.0029275808936825,0.9567184228201177,97.96904078399292
0.0030600235386426,0.0029275808936825,0.9567184228201177,97.96904078399292
0.0030597834614781,0.0029273553655342,0.9567197817717809,97.9690572107831
0.0031379932533145,0.0029271298721306,0.9328031120012324,97.67995633444632
0.0031377470975839,0.003003928213818,0.9573519217438188,97.97669841759144
0.003137500980469,0.0030809520141723,0.9819764307170914,98.2743555409215
0.0031372549019607,0.0030807147258163,0.981977818853974,98.27437232049796
0.00313700886205,0.0030034655371582,0.9574297266076244,97.97763891033252
0.0031365168979847,0.0030034655371582,0.957579899884482,97.97945418086802
0.0032146777481574,0.0030804774740084,0.958253895207416,97.98760132845908
0.0033712269698157,0.0031574894108586,0.936599475244244,97.72584616572205
0.0036067116198839,0.0032347504621072,0.8968697259503335,97.24559931498138
0.0036067116198839,0.0032349996148809,0.8969388062650488,97.2464343467694
0.0036854073551321,0.0032352488060391,0.8778537877322775,97.01573769729178
0.0036069944326825,0.0032357473035439,0.8970757687412071,97.24808992726042
0.003685696361355,0.0032359966099083,0.8779878461606557,97.01735817411804
0.0036859854129087,0.0032364953379055,0.8780542990134756,97.0181614455672
0.0036075601913575,0.0032367447595561,0.8972115745456495,97.24973152608888
0.0036862745098039,0.0032372437182056,0.8781884554706794,97.0197831073502
0.0036865636520511,0.0033145764279657,0.8990964868113972,97.27251604387808
0.0036868528396611,0.0033148319457292,0.8990952690246095,97.2725013234663
0.0036868528396611,0.003315087502891,0.8991645848267082,97.27333920178812
0.0036871420726445,0.003315087502891,0.899094051050051,97.27248660078476
0.0037655919039774,0.0033924441017733,0.9009059367771782,97.294388385463
0.0037658873372038,0.003392705682782,0.9009047215154086,97.29437369557324
0.0037661828167908,0.003470080197409,0.9213785857495372,97.54185848960486
0.0037664783427495,0.0034703478059689,0.9213773424847692,97.54184346121932
0.0037667739150906,0.003470883146934,0.92144716544543,97.54268746999269
0.0037673651989639,0.0034716864681376,0.921515776886283,97.54351683410847
0.0038464557657586,0.0034722222222222,0.9027069160997732,97.3161583352688
0.0038470597471932,0.0035499305448371,0.9227645989712446,97.55861239559825
0.0038473618090452,0.0035504785427601,0.9228345861345464,97.55945838922682
0.0038473618090452,0.0036282229427203,0.943041783642591,97.8037197585534
0.0039261876717707,0.0036285030494866,0.9241797267042384,97.57571823314426
0.0039261876717707,0.0036285030494866,0.9241797267042384,97.57571823314426
0.003926495994974,0.0036287831995058,0.9241785052501542,97.57570346840278
0.0039268043666064,0.0036290633927882,0.9241772836074432,97.5756887013812
0.0040056550424128,0.0036290633927882,0.9059850022937134,97.35578331652528
0.0040059696803079,0.0036290633927882,0.9059138441879724,97.3549231687319
0.0040062843676355,0.0036290633927882,0.9058426860822316,97.35406302093853
0.0040069138906348,0.0036290633927882,0.9057003698707496,97.35234272535176
0.0040072287263298,0.0036290633927882,0.9056292117650088,97.35148257755836
0.0040078585461689,0.0036287831995058,0.9054169845825912,97.34891720934417
0.0040081735303363,0.0037059913526868,0.9246085092468116,97.58090128789247
0.0040088036472252,0.0037062775075283,0.9245345578583528,97.58000737534466
0.0039308176100628,0.0037065637065637,0.9429498069498068,97.80260795901184
0.0040100644755464,0.003706849949803,0.924386620815598,97.57821913604909
0.0039320541050644,0.0037071362372567,0.9427988878591288,97.80078367319824
0.003932672644329,0.0037077089448478,0.942796230495906,97.80075155141692
0.0039332913782252,0.003708281829419,0.942793572311496,97.8007194197092
0.003933910306845,0.003709141488293,0.9428637663240864,97.80156791369888
0.0039345294302801,0.0037097148156735,0.9428611175515884,97.80153589576088
0.0040141676505312,0.0037105751391465,0.9243697478991596,97.57801517893569
0.0040147996536251,0.003711435861749,0.9244386225842688,97.57884772510592
0.0040154318557593,0.0037122969837587,0.9245075292297894,97.5796806576085
0.0039373178990471,0.0037131585054537,0.943067997215131,97.8040366240228
0.0041742143813499,0.0038684719535783,0.9267544980110214,97.60684165660994
0.0041742143813499,0.00386907064923,0.9268979251561134,97.60857538098438
0.0041742143813499,0.0039470629208265,0.9455822246365064,97.8344282026917
0.0041742143813499,0.0039470629208265,0.9455822246365064,97.8344282026917
0.0041738856512836,0.0039473684210526,0.9457298907646474,97.83621316721478
0.0041735569729899,0.0039473684210526,0.9458043694141012,97.83711345320911
0.0041728997716715,0.0039470629208265,0.9458801161777012,97.83802906796429
0.0041722427772967,0.0039467574678842,0.9459558512176104,97.83894454100536
0.0041715859897678,0.0039464520622146,0.9460315745365512,97.83985987236524
0.0041706011960969,0.0039458413926499,0.9461085361848108,97.84079017245172
0.0041696168672803,0.0039449257425742,0.946112285167196,97.84083548955078
0.0041683051513959,0.0039443155452436,0.9462636256183512,97.8426648687024
0.004166994260555,0.003865780114427,0.92771428821506,97.61844344698248
0.0038515956610595,0.0035559678416821,0.923245364936327,97.56442381763782
0.0037723986167871,0.0034781264492193,0.9219933529138972,97.5492896966945
0.0036929362772059,0.0034003091190108,0.9207603012266106,97.53438476524782
0.003770620581304,0.0034770514603616,0.9221430227167364,97.55109888131666
0.003770028275212,0.0034767828169667,0.9222166422004172,97.55198878185264
0.0037697321919421,0.0034767828169667,0.9222890751757706,97.55286434006584
0.0037691401648998,0.0034765142150803,0.9223626776885044,97.55375403545976
0.0037688442211055,0.0034765142150803,0.9224351050679852,97.55462952603094
0.0038470597471932,0.0034767828169667,0.903750668157242,97.32877504308756
0.0036112419532108,0.003322515839901,0.9200479732317428,97.52577425845357
0.0035324593767171,0.003322515839901,0.9405673174333352,97.77380880705286
0.0035319048740287,0.003322515839901,0.9407149848039972,97.77559378659534
0.0035310734463276,0.003322515839901,0.9409364858599908,97.77827125590906
0.0035305193786285,0.0033222591362126,0.9410114433370246,97.77917732989457
0.0035296886030276,0.0033220024721878,0.941160211509408,97.78097561575206
0.0035288582183186,0.0033217458478176,0.9413089566971374,97.78277362377474
0.0035277516462841,0.0033214892630928,0.9415314897780525,97.78546356804056
0.003526645768025,0.0033209762125424,0.941681254934267,97.78727390527904
0.0035252643948296,0.0033202069338275,0.941832033562402,97.7890964932039
0.0035238841033672,0.003319438011425,0.9419827423532844,97.79091823694723
0.0035225048923679,0.0033186694450875,0.9421333813554236,97.7927391370954
0.0035211267605633,0.0033179012345679,0.942283950617284,97.79455919423424
0.0035197497066875,0.0033168775069423,0.9423617539168296,97.79549966806678
0.0035183737294761,0.0033161101257037,0.9425121890611212,97.79731810401393
0.003516998827667,0.003315087502891,0.9425898799886926,97.798257219512
0.0035153503632528,0.0033143209495914,0.9428138327937924,97.80096432517654
0.0034358894268311,0.0032362459546925,0.9418946749043836,97.78985369172008
0.0035903840149859,0.0034663380064704,0.9654504899760874,98.0745926142118
0.0039787798408488,0.0039270039270039,0.986986986986987,98.33492234317528
0.0040545808966861,0.0040024630541871,0.9871459359605912,98.33684369292853
0.0042868277474668,0.0043090181594336,1.0051764179188003,98.5547932730708
0.0042851577717179,0.0043076923076923,1.0052587412587413,98.5557883844282
0.0042838227276267,0.0043070296877403,1.005417348379969,98.55770560192462
0.0043606914810777,0.0043063672716087,0.9875422946785604,98.34163481367432
0.0042818217205138,0.0043057050592034,1.0055778451903317,98.55964566168086
0.0042808219178082,0.0043050430504305,1.0056580565805655,98.5606152441282
0.0042801556420233,0.0042278422630486,0.987777692366823,98.34448026325478
0.0042791566171321,0.0042271923756821,0.987856429175313,98.34543202119404
0.004278158058494,0.0042265426880811,0.9879351417812956,98.34638348657724
0.0042774926116036,0.0042262179191639,0.9880129091747352,98.34732352638252
0.0041213063763608,0.0041487400122925,1.0066565388317428,98.57268473777393
0.0039651687140413,0.0040715986786509,1.0268412197021393,98.8166739295884
0.003731343283582,0.0039173515631,1.0498502189108223,99.09480302944552
0.0037304733038004,0.0039167498656017,1.0499337608478612,99.0958128710096
0.0037296037296037,0.003916148352914,1.0500172771250864,99.09682240240195
0.0037287345607084,0.003915547024952,1.0501007677543186,99.0978316237655
0.0037278657968313,0.0039146453791832,1.0501036229659193,99.09786613710637
0.0037269974376892,0.003914044512663,1.0501870683039138,99.09887481099666
0.003725840254599,0.0039131435586587,1.0502714263791912,99.09989451790916
0.0037249728387397,0.003912243019331,1.0502742405645904,99.09992853533184
0.0037241058266739,0.0039116428900138,1.0503576085289152,99.1009362739416
0.0037232392181197,0.0039110429447852,1.0504409509202453,99.1019437034291
0.0036451062509694,0.0038337678270203,1.05175749705534,99.11785790239766
0.0036442583546561,0.003833180006133,1.0518409050872009,99.11886612533738
0.0035661679199937,0.0037562284400153,1.0532954488642992,99.13644841771604
0.0035653387071771,0.0037556526404537,1.0533789210246567,99.13745741583077
0.0035645098798915,0.0037550770173959,1.0534623675977168,99.13846610465032
0.0035636814378679,0.0037542139135764,1.0534650694879344,99.13849876466683
0.0035625774473358,0.0037536387314233,1.053630071742128,99.14049328550702
0.0035614741406008,0.0037524888956961,1.0536336212350248,99.14053619120908
0.0035603715170278,0.0036750631651481,1.0322133933416109,98.88161190472896
0.0034818941504178,0.0035976729944886,1.0332516840171464,98.89416259623698
0.0034810860988628,0.0035968470192086,1.0332542537180176,98.89419365836984
0.0034802784222737,0.0035962965796924,1.0333358838982836,98.89518039092404
0.0034021495399365,0.0035957463086221,1.056904250213867,99.18007103084295
0.0034010976269614,0.0035951962059205,1.0570693935453364,99.18206725700269
0.0034003091190108,0.0035946462715105,1.0571527898487745,99.1830753381711
0.0033992583436341,0.0035943713673906,1.0573987040796462,99.18604791003544
0.0033212327180041,0.0035173573940969,1.0590517716598442,99.20602992637234
0.0033974210485676,0.0035170884624206,1.035223015382049,98.91799173426544
0.0033966342442488,0.0035935469072559,1.0579728781043864,99.19298843375029
0.0034730261634637,0.0035935469072559,1.0347019394958838,98.91169305235138
0.0034722222222222,0.0035935469072559,1.034941509289701,98.91458893367604
0.0034714186530895,0.0037464637969263,1.079231337767923,99.44995729175854
0.0035477402437143,0.0036700053520911,1.0344628129394282,98.90880252880902
0.0035466461063993,0.0036697247706422,1.034702832070203,98.9117038416469
0.003777366635831,0.0038226299694189,1.0119827747612806,98.6370674252291
0.0037767843379065,0.0038987844965981,1.0323026542625309,98.88269087645487
0.003776493256262,0.0038990825688073,1.0324611495974536,98.88460674269632
0.0037762022194821,0.0038990825688073,1.0325407227111028,98.8855686097585
0.003776493256262,0.0038993806865968,1.0325400899713046,98.88556096130108
0.0037767843379065,0.0038999770589584,1.0326184155699445,98.88650774860147
0.0037770754644261,0.0039002753135515,1.032617788626616,98.88650017021088
0.003777366635831,0.0039008719596145,1.0326961440840676,98.88744731843978
0.0037779491133384,0.0039011703511053,1.032615907221146,98.88647742808266
0.0038556446637877,0.003901767271058,1.0119623594216205,98.63682064787076
0.0038559420066322,0.0039020657995409,1.0119617444529458,98.63681321422784
0.0037022753567296,0.003749617385981,1.0127872793592492,98.64679214804885
0.0037031322326801,0.003750478377344,1.0127854318152825,98.64676981523306
0.0037037037037037,0.0037513397642015,1.012861736334405,98.64769217204773
0.003704561241028,0.0037522015468259,1.012859905046328,98.64767003573054
0.0038595137012736,0.0039828431372549,1.0319546568627451,98.87848433958304
0.0039373118196556,0.0039837585229449,1.0117965519157943,98.63481639327772
0.0039379198517489,0.0039843690138686,1.0117953548747671,98.63480192363735
0.0040929801529075,0.0042148823664648,1.029783240817991,98.852236609968
0.0041708503900517,0.004216174779609,1.0108669420666354,98.62357941820464
0.0041718170580964,0.0042171446097224,1.0108651820045778,98.62355814285615
0.0041727841743296,0.0042184384107992,1.010940953225046,98.62447405324204
0.0041740743603617,0.0042197330059843,1.0109386277485095,98.62444594325387
0.0041753653444676,0.0042210283960092,1.0109363008442058,98.62441781600708
0.0041769801980198,0.004222324581606,1.010855781314863,98.62344450882348
0.0041785963011684,0.004223945933492,1.0108528388614404,98.62340894091744
0.0043347008282374,0.0043023970497848,0.9925476336816228,98.40213855044163
0.0042586140147115,0.0042265426880811,0.9924690693921464,98.40118887788462
0.0042596034696406,0.0042275172943889,0.9924673328209068,98.40116788648942
0.004260263361735,0.0042281672816728,0.9924661746617464,98.40115388684684
0.0042609234583204,0.0042284923502729,0.992388713769509,98.40021755197904
0.0042609234583204,0.0042288174688605,0.992465016146394,98.40113988289868
0.0041837762454482,0.0042288174688605,1.010765686492274,98.62235545702764
0.0041837762454482,0.0042288174688605,1.010765686492274,98.62235545702764
0.0041834521227145,0.0042284923502729,1.0107662825430184,98.62236266199363
0.0041831280501975,0.0042281672816728,1.0107668785021184,98.62236986585188
0.0041828040278853,0.0042278422630486,1.010767474369596,98.62237706860256
0.0041824800557664,0.0042271923756821,1.0106903844894777,98.62144521846989
0.0041818322620614,0.0042265426880811,1.0106915876146645,98.62145976165458
0.0041815084404522,0.0042258932001536,1.0106145330886014,98.62052833887608
0.0041808609476618,0.0042252439118076,1.010615747498286,98.62054301846597
0.0041802136553646,0.004224594822951,1.0106169615348508,98.62055769354566
0.0041795665634674,0.0042242703533026,1.0106957956420322,98.6215106276159
0.0041792430926398,0.0042236215635079,1.010618781890476,98.62057969771313
0.0041785963011684,0.0042232972433387,1.010697597697521,98.62153241057425
0.0041782729805013,0.0042229729729729,1.0106981981981982,98.62153966933032
0.0042553191489361,0.0042226487523992,0.9923224568138196,98.39941664850306
0.0044100580270793,0.0043761996161228,0.9923224568138196,98.39941664850306
0.0044100580270793,0.0044533169533169,1.0098091512565197,98.61079301219075
0.0044107405401222,0.0044536589111571,1.009730422962882,98.6098413571777
0.0044110818758706,0.0044546850998463,1.0098849273721942,98.61170898174912
0.0041802136553646,0.0042252439118076,1.0107722380135382,98.62243465076811
0.0037946255711298,0.0037660441165167,0.992467911766966,98.40117488469672
0.0037963895560548,0.0036908881199538,0.972210060494786,98.15630122077636
0.0034881016975428,0.0033082012617325,0.948424543946932,97.86878570360452
0.0034121752617293,0.0033099838349626,0.9700509443600812,98.13020217050538
0.0034140285536933,0.0033117683302526,0.9700470509158124,98.1301551071742
0.0034156186927495,0.0032362459546925,0.9474845542806706,97.85742325896356
0.0034948741845293,0.003315087502891,0.9485570374938964,97.8703872643947
0.0034965034965034,0.0033934906679006,0.9705383310195896,98.13609362243956
0.0035753147831493,0.0033947997839672,0.9495107395765892,97.8819154625308
0.0035764266832529,0.0033958478042756,0.949508575186822,97.8818892997337
0.0035775392751594,0.0033968964718598,0.9495064094602896,97.881863120778
0.0035783741734733,0.0033979457873194,0.949578110782434,97.88272983488432
0.0035792094615624,0.0033987331994438,0.9495765017228756,97.88271038482992
0.0035800451396995,0.0033995209765896,0.9495748919174036,97.88269092575902
0.003580602475286,0.0034000463642686,0.9495738182991031,97.88267794803284
0.0035811599844297,0.0034008347503478,0.9496461384395142,97.88355214231532
0.0035817176672117,0.0034789331271743,0.9713030033108688,98.14533685871116
0.0035825545171339,0.0034797401793999,0.9713013892064176,98.14531734767488
0.0035831126343667,0.0034808168316831,0.971450575764098,98.14712069090692
0.0035839501363459,0.0034816247582205,0.971448995038264,98.14710158334604
0.0035845086885373,0.0034827025771999,0.9715983081131828,98.14890645589816
0.0035853468433359,0.0034835113794705,0.9715967608392738,98.1488877526988
0.0035859058309946,0.0034845903670435,0.971746200618136,98.15069415682794
0.0035867446393762,0.003485400046472,0.9717446868696392,98.15067585887836
0.0036652889339468,0.0034864802045401,0.9512156524003964,97.90252417587465
0.0036661466458658,0.0034872907625542,0.95121420374352,97.90250666474218
0.0036667186768606,0.0034881016975428,0.9512869693426372,97.90338624365822
0.0035895435037065,0.0035667209428549,0.993641932232302,98.4153662561804
0.0035901038008272,0.0035675507988211,0.9937180083759888,98.41628585242933
0.0035909445745511,0.0035683810410363,0.9937165464277404,98.41626818063288
0.0035917857421722,0.0035692116697703,0.9937150837988826,98.41625050060934
0.0035923467395548,0.0034924330616996,0.9721870729361748,98.156023350847
0.0035931885642868,0.0035711513081282,0.9938669357969102,98.41808606325768
0.0035940307836549,0.0035719832272091,0.9938655070663146,98.4180687929909
0.0035948733979368,0.0035730930557713,0.9939412769923875,98.41898468773032
0.0035957164074103,0.003573925879885,0.9939398648123688,98.41896761752427
0.0035965598123534,0.003574759092322,0.9939384519738887,98.41895053935886
0.0035974036130444,0.0035758706467661,0.9940143034825872,98.41986742025604
0.0036764705882352,0.0035767047663478,0.9728636964466216,98.16420226754808
0.0036773335419763,0.0035778175313059,0.9729379971834204,98.16510040296272
0.0036779090695672,0.0035786525595145,0.97301278846886,98.1660044680508
0.0036784847773342,0.0035792094615624,0.9730118997953792,98.165993725908
0.0036005009392611,0.0035019455252918,0.9726273050245304,98.16134480587216
0.0036007827788649,0.0035022180714452,0.9726268665807184,98.16133950603351
0.0036007827788649,0.0035022180714452,0.9726268665807184,98.16133950603351
0.0036007827788649,0.0034246575342465,0.9510869565217392,97.90096852069114
0.0035222291797119,0.0034246575342465,0.9722983257229834,98.157368156728
0.0035222291797119,0.00334708492255,0.9502745993444212,97.89114887714902
0.003286899358272,0.0031911581569115,0.9708718792622903,98.14012550021312
0.0032081377151799,0.0031130827301735,0.9703706656492204,98.13406691027728
0.0032076357377562,0.0031125982413819,0.970371481008406,98.13407676620862
0.0032066322540278,0.0031121139033688,0.9705241065481536,98.13592167930544
0.0032056293979671,0.0031113876789047,0.970601180809568,98.13685334064174
0.0032043767096522,0.0031106617932965,0.970754088908025,98.13870166926304
0.003203125,0.003109694472518,0.970831445078814,98.13963673827472
0.0032018742678641,0.003108727753167,0.9709087531537478,98.1405712259114
0.003200374678011,0.0031077616346826,0.971061812241928,98.1424213796723
0.0031988764921588,0.0031065548306927,0.971139347926564,98.14335861861863
0.0031196381219778,0.0031055900621118,0.9954968944099378,98.43778874209798
0.0031184220784283,0.0031046258925799,0.9955759081030736,98.43874384697452
0.0031172069825436,0.0031034215222282,0.9955776243308248,98.43876459246088
0.0031159928332164,0.0031024586985185,0.995656557822074,98.43971872786985
0.0031147796293412,0.0031014964720477,0.9957354423509344,98.44067227142928
0.0028804982483456,0.0027906976744186,0.9688246385920803,98.11537878265132
0.0028019925280199,0.0027902650751821,0.9958146023872266,98.44162914527848
0.0028017744571561,0.0027123372597644,0.9680783736309156,98.10635805124006
0.0024900785931055,0.00232450023245,0.9335047652254764,97.6884378063218
0.002489691122695,0.0023241400681747,0.9335053842578244,97.68844528908572
0.0024113254511512,0.0023237800154918,0.9636940606181754,98.0533611772489
0.0024109503810857,0.0023234200743494,0.9636946876124236,98.05336875625504
0.0024103879947126,0.0023228803716608,0.9636956277396876,98.05338012036292
0.0024098258706467,0.0023225207091429,0.9637711742714652,98.05429331474788
0.0024869822025336,0.0023221611579843,0.9337264881182752,97.69111795716331
0.0024864024864024,0.0023218017181332,0.9337996285117248,97.69200206653323
0.002252777130428,0.0022440609765534,0.99613092935077,98.44545285498585
0.002252427184466,0.0022438873413803,0.9962086041473228,98.44639177549476
0.0021745883814849,0.0022435401516323,1.0317079640149422,98.87550235592188
0.0021744195076492,0.0022435401516323,1.0317880904489292,98.87647091143172
0.0021742506600403,0.0022433665970449,1.0317883941694568,98.87647458275684
0.002174081838652,0.0022433665970449,1.0318685144050654,98.87744306334169
0.002174081838652,0.0021660091281813,0.996286841494546,98.44733749602614
0.0021739130434782,0.0021658415841584,0.9962871287128714,98.44734096787528
0.0021739130434782,0.0021658415841584,0.9962871287128714,98.44734096787528
0.0021737442745128,0.0021658415841584,0.9963644801980196,98.4482759802477
0.0021735755317497,0.002165674066053,0.9963647613891252,98.44827937924076
0.0021735755317497,0.002165674066053,0.9963647613891252,98.44827937924076
0.0021734068151827,0.002165674066053,0.9964421068914844,98.4492143192942
0.0021732381248059,0.0021655065738592,0.996442382057231,98.4492176454537
0.0021730694606131,0.0021655065738592,0.996519721577726,98.4501525131993
0.0021730694606131,0.0021653391075709,0.996442657180419,98.44922097109875
0.0021729008225981,0.0021653391075709,0.9965199907199752,98.45015576654772
0.0021729008225981,0.0021653391075709,0.9965199907199752,98.45015576654772
0.0026381129733085,0.0027062553158586,1.0258299561995987,98.80444993822184
0.0027152831652443,0.0027058368766911,0.9965210668728258,98.45016877491116
0.0027148619298789,0.0027054185669011,0.9965216046996984,98.45017527607632
0.0024040325707638,0.0023182134301831,0.9643020058777924,98.06070992224586
0.0024031007751937,0.0023173180905298,0.9643033344463104,98.06072598176948
0.002402169701666,0.0023162445954292,0.9642302098069296,98.0598420628322
0.0024012393493415,0.0023149934408519,0.9640827523031694,98.05805962012722
0.0024001238773614,0.0023135652039793,0.9639357475676468,98.05628265041226
0.0023990094412629,0.0023893941729613,0.9959919839679358,98.44377330543624
0.0023977105731301,0.0023879217377907,0.9959174241257126,98.44287203799672
0.0023964131106988,0.0023864511162432,0.9958429561200924,98.44197188066336
0.0023949320148331,0.0023849823049699,0.9958455146945684,98.44200280830212
0.0023936375569454,0.0023835153006304,0.9957711825311394,98.4411042930074
0.0023921598888803,0.0023820500998924,0.995773782080836,98.44113571594808
0.0023137436372049,0.0023039705091774,0.9957760540665078,98.44116317934726
0.0022354120095583,0.0021492170709241,0.9614411400379024,98.02612823385324
0.0022342064714946,0.0021482277121374,0.9615170932256752,98.02704634383078
0.0022331741875866,0.00214740394202,0.9615926755542396,98.02795997092156
0.0022323146793934,0.0021465808034345,0.9615941799109644,98.02797815534488
0.0022312841424944,0.0021457582956548,0.9616696747802052,98.02889072524134
0.0022304260882941,0.0021451007431241,0.9617448228310578,98.02979910285264
0.0021526870146844,0.0021444435934747,0.9961706364402236,98.44593282792805
0.002151859821703,0.0021436227224008,0.9961721022814268,98.4459505467819
0.0021510332641929,0.0021429664778815,0.9962498086637072,98.44688984909403
0.0020732550103662,0.0019892884468247,0.95950012751849,98.00266558517656
0.0021492170709241,0.0020651675080312,0.9608929390939488,98.01950166858198
0.0021483925420087,0.0020645358617525,0.9609677102221834,98.020405490013
0.0021477333742425,0.0020639046017428,0.960968724747199,98.02041775342904
0.0021469099831314,0.0021396912731163,0.9966376279993884,98.4515777471535
0.0021460872231164,0.002139037433155,0.996715049656226,98.45251360775003
0.0021452650934722,0.0021382206949217,0.9967163039327988,98.45252876924452
0.0021442793689692,0.0021375677532636,0.9968699900755784,98.45438650274106
0.0021434586235933,0.0021367521367521,0.9968711843711844,98.4544009391952
0.0021426385062748,0.0021361000915471,0.9969484284406468,98.455334653144
0.0021418190162931,0.0021354484441732,0.99702562538133,98.45626779740763
0.0021410001529285,0.0021347971942665,0.9971027752363526,98.45720037250736
0.0021401819154628,0.0021341463414634,0.9971798780487808,98.45813237896374
0.0021393643031784,0.0021334958854007,0.9972569338616276,98.45906381729668
0.0021385473153593,0.0021330083034966,0.9974099184886112,98.46091307098256
0.0021377309512902,0.0021323585408575,0.9974868631482752,98.46184316571362
0.0021369152102571,0.0021318714786051,0.9976397137201156,98.4636907989624
0.0021361000915471,0.0021312224082813,0.9977165474196988,98.46461955242576
0.0021352855944482578,0.0021305737330695484,0.9977933343478923,98.46554774052406
